{"_id":"eyes","faces":[10,0,1,2,0,0,1,2,10,0,3,4,0,3,4,5,10,0,5,6,0,6,7,8,10,0,4,7,0,9,5,10,10,0,2,8,0,0,2,11,10,0,8,5,0,6,11,7,10,0,7,1,0,9,10,1,10,0,6,3,0,3,8,4,10,6,9,3,0,8,12,4,10,3,9,10,0,4,12,13,10,11,12,13,0,14,15,16,10,14,15,16,0,17,18,19,10,17,18,19,0,20,21,22,10,4,14,7,0,5,17,10,10,7,14,20,0,10,17,23,10,7,20,1,0,10,23,1,10,1,20,11,0,1,23,14,10,1,11,2,0,1,14,2,10,2,11,21,0,2,14,24,10,2,21,8,0,2,24,11,10,8,21,17,0,11,24,20,10,8,17,5,0,11,20,7,10,5,17,22,0,7,20,25,10,20,12,11,0,23,15,14,10,22,23,9,0,25,26,12,10,17,19,22,0,20,22,25,10,10,15,14,0,13,18,17,10,9,24,10,0,12,27,13,10,14,16,20,0,17,19,23,10,9,23,24,0,12,26,27,10,11,13,21,0,14,16,24,10,20,16,12,0,23,19,15,10,10,24,15,0,13,27,18,10,21,13,18,0,24,16,21,10,22,19,23,0,25,22,26,10,21,18,17,0,24,21,20,10,3,10,4,0,4,13,5,10,4,10,14,0,5,13,17,10,5,22,6,0,7,25,8,10,6,22,9,0,8,25,12,10,25,26,27,0,28,29,30,10,25,28,29,0,31,32,4,10,25,30,31,0,33,8,34,10,25,32,28,0,35,36,32,10,25,33,26,0,28,11,29,10,25,31,33,0,33,34,11,10,25,27,32,0,35,30,36,10,25,29,30,0,31,4,8,10,30,29,35,0,8,4,37,10,35,29,34,0,37,4,38,10,36,37,38,0,39,40,41,10,39,40,41,0,42,43,44,10,42,43,44,0,45,22,46,10,28,32,39,0,32,36,42,10,39,32,45,0,42,36,47,10,32,27,45,0,36,30,47,10,45,27,36,0,47,30,39,10,27,26,36,0,30,29,39,10,36,26,46,0,39,29,48,10,26,33,46,0,29,11,48,10,46,33,42,0,48,11,45,10,33,31,42,0,11,34,45,10,42,31,47,0,45,34,49,10,45,36,38,0,47,39,41,10,47,35,48,0,49,37,50,10,42,47,43,0,45,49,22,10,34,39,41,0,38,42,44,10,35,34,49,0,37,38,51,10,39,45,40,0,42,47,43,10,35,49,48,0,37,51,50,10,36,46,37,0,39,48,40,10,45,38,40,0,47,41,43,10,34,41,49,0,38,44,51,10,46,44,37,0,48,46,40,10,47,48,43,0,49,50,22,10,46,42,44,0,48,45,46,10,29,28,34,0,4,32,38,10,34,28,39,0,38,32,42,10,31,30,47,0,34,8,49,10,47,30,35,0,49,8,37,10,16,15,50,0,19,18,52,10,13,12,50,0,16,15,52,10,19,18,50,0,22,21,52,10,15,24,50,0,18,27,52,10,12,16,50,0,15,19,52,10,23,19,50,0,26,22,52,10,18,13,50,0,21,16,52,10,24,23,50,0,27,26,52,10,40,51,41,0,43,53,44,10,37,51,38,0,40,53,41,10,43,51,44,0,22,53,46,10,41,51,49,0,44,53,51,10,38,51,40,0,41,53,43,10,48,51,43,0,50,53,22,10,44,51,37,0,46,53,40,10,49,51,48,0,51,53,50],"metadata":{"uvs":1,"version":3,"generator":"io_three","vertices":52,"type":"Geometry","bones":31,"materials":1,"faces":96},"uvs":[[-0.019337,1.02198,-0.101642,0.5,0.016248,0.825696,1.00717,-0.021081,0.976154,0.163443,0.5,-0.102975,1.01642,1.01118,0.820122,0.976445,1.0967,0.5,-0.022398,-0.012802,0.168396,0.016907,0.5,1.09218,0.800422,0.437039,0.666144,0.239934,0.192265,0.566718,0.32149,0.469287,0.349402,0.60336,0.432361,0.195985,0.529137,0.326146,0.395786,0.354377,0.560342,0.805458,0.463698,0.677873,0.59706,0.649488,0.236046,0.331384,0.326696,0.763226,0.756863,0.672073,0.671268,0.534654,0.643337,0.400586,-0.019337,1.02198,0.016248,0.825696,-0.101642,0.5,1.00717,-0.021081,0.5,-0.102975,1.01642,1.01118,0.820122,0.976445,-0.022398,-0.012802,0.168396,0.016907,0.800422,0.437039,0.666144,0.239934,0.192265,0.566718,0.349402,0.60336,0.32149,0.469287,0.432361,0.195985,0.395786,0.354377,0.529137,0.326146,0.560342,0.805458,0.463698,0.677873,0.236046,0.331384,0.326696,0.763226,0.756863,0.672073,0.671268,0.534654,0.643337,0.400586,0.49638,0.501974,0.49638,0.501974]],"skinWeights":[1,0,0,0,1,0,0,0,1,0,0,0,1,0,0,0,1,0,0,0,1,0,0,0,1,0,0,0,1,0,0,0,1,0,0,0,1,0,0,0,1,0,0,0,1,0,0,0,1,0,0,0,1,0,0,0,1,0,0,0,1,0,0,0,1,0,0,0,1,0,0,0,1,0,0,0,1,0,0,0,1,0,0,0,1,0,0,0,1,0,0,0,1,0,0,0,1,0,0,0,1,0,0,0,1,0,0,0,1,0,0,0,1,0,0,0,1,0,0,0,1,0,0,0,1,0,0,0,1,0,0,0,1,0,0,0,1,0,0,0,1,0,0,0,1,0,0,0,1,0,0,0,1,0,0,0,1,0,0,0,1,0,0,0,1,0,0,0,1,0,0,0,1,0,0,0,1,0,0,0,1,0,0,0,1,0,0,0,1,0,0,0,1,0,0,0,1,0,0,0,1,0,0,0,1,0,0,0],"name":"FM_Eyes_LOD2_v7.geometry","vertices":[-0.503511,27.2722,0.485591,-0.756628,27.2221,0.690033,-0.718925,27.4147,0.690788,-0.287836,27.1294,0.690033,-0.452458,27.0201,0.690033,-0.361947,27.4848,0.692821,-0.249214,27.3223,0.690033,-0.646634,27.0585,0.690033,-0.558254,27.5225,0.694904,-0.317224,27.2355,0.953778,-0.397732,27.1157,0.953778,-0.688634,27.3088,0.953778,-0.599139,27.2531,1.01159,-0.584445,27.3263,1.01119,-0.53987,27.0876,0.953778,-0.483799,27.1766,1.01149,-0.557566,27.191,1.0117,-0.465988,27.4561,0.954975,-0.52206,27.3678,1.01151,-0.448457,27.3532,1.01121,-0.66036,27.1677,0.953778,-0.60811,27.4284,0.954254,-0.345498,27.3767,0.953778,-0.406735,27.2912,1.01151,-0.421397,27.2181,1.01119,0.503495,27.2722,0.485591,0.718925,27.4147,0.690788,0.756628,27.2221,0.690033,0.452458,27.0201,0.690033,0.287835,27.1294,0.690033,0.249214,27.3223,0.690033,0.361947,27.4848,0.692821,0.646634,27.0585,0.690033,0.558254,27.5225,0.694904,0.397732,27.1157,0.953778,0.317224,27.2355,0.953778,0.688617,27.3089,0.953778,0.584445,27.3263,1.01119,0.599139,27.2531,1.01159,0.539853,27.0876,0.953778,0.557565,27.191,1.0117,0.483782,27.1766,1.01149,0.465988,27.4561,0.954975,0.44844,27.3532,1.01121,0.52206,27.3678,1.01151,0.66036,27.1677,0.953778,0.60811,27.4284,0.954254,0.345498,27.3767,0.953778,0.406735,27.2912,1.01151,0.421397,27.2181,1.01119,-0.502921,27.2722,1.02385,0.502921,27.2722,1.02385],"skinIndices":[16,0,0,0,16,0,0,0,16,0,0,0,16,0,0,0,16,0,0,0,16,0,0,0,16,0,0,0,16,0,0,0,16,0,0,0,16,0,0,0,16,0,0,0,16,0,0,0,16,0,0,0,16,0,0,0,16,0,0,0,16,0,0,0,16,0,0,0,16,0,0,0,16,0,0,0,16,0,0,0,16,0,0,0,16,0,0,0,16,0,0,0,16,0,0,0,16,0,0,0,16,0,0,0,16,0,0,0,16,0,0,0,16,0,0,0,16,0,0,0,16,0,0,0,16,0,0,0,16,0,0,0,16,0,0,0,16,0,0,0,16,0,0,0,16,0,0,0,16,0,0,0,16,0,0,0,16,0,0,0,16,0,0,0,16,0,0,0,16,0,0,0,16,0,0,0,16,0,0,0,16,0,0,0,16,0,0,0,16,0,0,0,16,0,0,0,16,0,0,0,16,0,0,0,16,0,0,0],"influencesPerVertex":4,"bones":[{"name":"Hips","rotq":[0,0,0,1],"pos":[-0.000027,18.2131,0.000197],"parent":-1},{"name":"LHipJoint","rotq":[0,0,0,1],"pos":[0.000027,0.055037,0.000009],"parent":0},{"name":"LeftUpLeg","rotq":[0,0,0,1],"pos":[1.54938,-2.41555,0.04113],"parent":1},{"name":"LeftLeg","rotq":[0,0,0,1],"pos":[-0.019988,-7.21534,-0.208633],"parent":2},{"name":"LeftFoot","rotq":[0,0,0,1],"pos":[0.320012,-7.29465,-0.471353],"parent":3},{"name":"LeftToeBase","rotq":[0,0,0,1],"pos":[0.198471,-0.54529,2.28466],"parent":4},{"name":"RHipJoint","rotq":[0,0,0,1],"pos":[0.000027,0.055037,0.000009],"parent":0},{"name":"RightUpLeg","rotq":[0,0,0,1],"pos":[-1.43938,-2.41556,0.041129],"parent":6},{"name":"RightLeg","rotq":[0,0,0,1],"pos":[-0.08999,-7.21534,-0.208642],"parent":7},{"name":"RightFoot","rotq":[0,0,0,1],"pos":[-0.31999,-7.29467,-0.471362],"parent":8},{"name":"RightToeBase","rotq":[0,0,0,1],"pos":[-0.305358,-0.83898,2.28801],"parent":9},{"name":"LowerBack","rotq":[0,0,0,1],"pos":[0.000027,0.055037,0.000009],"parent":0},{"name":"Spine","rotq":[0,0,0,1],"pos":[-0.04381,1.99522,-0.197985],"parent":11},{"name":"Spine1","rotq":[0,0,0,1],"pos":[-0.01959,2.01295,-0.04372],"parent":12},{"name":"Neck","rotq":[0,0,0,1],"pos":[0,0,0],"parent":13},{"name":"Neck1","rotq":[0,0,0,1],"pos":[0.063054,2.1058,-0.51192],"parent":14},{"name":"Head","rotq":[0,0,0,1],"pos":[-0.023034,1.43701,0.497281],"parent":15},{"name":"LeftShoulder","rotq":[0,0,0,1],"pos":[0,0,0],"parent":14},{"name":"LeftArm","rotq":[0,0,0,1],"pos":[2.59288,1.2264,-0.487197],"parent":17},{"name":"LeftForeArm","rotq":[0,0,0,1],"pos":[4.14553,-0.064466,0.257386],"parent":18},{"name":"LeftHand","rotq":[0,0,0,1],"pos":[3.69802,0.065802,1.73268],"parent":19},{"name":"LeftFingerBase","rotq":[0,0,0,1],"pos":[-0.000254,0,-0.000043],"parent":20},{"name":"LeftHandIndex1","rotq":[0,0,0,1],"pos":[0.559672,0,0.260979],"parent":21},{"name":"LThumb","rotq":[0,0,0,1],"pos":[-0.000254,0,-0.000043],"parent":20},{"name":"RightShoulder","rotq":[0,0,0,1],"pos":[0,0,0],"parent":14},{"name":"RightArm","rotq":[0,0,0,1],"pos":[-2.46562,1.22638,-0.487065],"parent":24},{"name":"RightForeArm","rotq":[0,0,0,1],"pos":[-4.14558,-0.064367,0.259234],"parent":25},{"name":"RightHand","rotq":[0,0,0,1],"pos":[-3.69873,0.066645,1.72989],"parent":26},{"name":"RightFingerBase","rotq":[0,0,0,1],"pos":[-0.000058,0,0.000157],"parent":27},{"name":"RightHandIndex1","rotq":[0,0,0,1],"pos":[-0.529147,0,0.246746],